Wall time,Step,Value
1566146053.158088,530,64.48323059082031
1566146243.3487659,1060,67.58808135986328
1566146443.5626082,1590,67.04864501953125
1566146637.349436,2120,65.89510345458984
1566146821.9967868,2650,68.58890533447266
1566147042.544986,3180,68.80663299560547
1566147209.679465,3710,70.26773834228516
1566147406.284928,4240,70.51502990722656
1566147565.9799495,4770,70.77265167236328
1566147682.6319067,5300,71.04454040527344
1566147873.8779392,5830,71.21038055419922
1566147954.2009754,6360,71.31593322753906
1566148034.4588847,6890,71.45209503173828
1566148190.1196988,7420,71.58663177490234
1566148268.7111342,7950,71.61038208007812
